{"cameraMode":{"drawMode":0,"name":"Shaded","section":"Shading Mode"},"sceneLighting":false,"audioPlay":false,"sceneViewState":{"m_AlwaysRefresh":false,"showFog":true,"showSkybox":false,"showFlares":true,"showImageEffects":true,"showParticleSystems":true,"showVisualEffectGraphs":true,"m_FxEnabled":true},"in2DMode":false,"pivot":{"x":-0.007948338985443116,"y":11.70002555847168,"z":0.011885583400726319},"rotation":{"x":0.1373736411333084,"y":-0.08427617698907852,"z":0.011713181622326374,"w":0.9868747591972351},"size":13.239151954650879,"orthographic":false}