{"cameraMode":{"drawMode":0,"name":"Shaded","section":"Shading Mode"},"sceneLighting":false,"audioPlay":false,"sceneViewState":{"m_AlwaysRefresh":false,"showFog":true,"showSkybox":false,"showFlares":true,"showImageEffects":true,"showParticleSystems":true,"showVisualEffectGraphs":true,"m_FxEnabled":true},"in2DMode":false,"pivot":{"x":-1.7521398067474366,"y":20.922584533691408,"z":49.90190124511719},"rotation":{"x":0.11251223832368851,"y":-0.03247472271323204,"z":0.0036756214685738088,"w":0.9931177496910095},"size":8.294990539550782,"orthographic":false}